idx,date,stars,review_text,vader_score,sentiment_bucket,sentiment_label,llm_label,llm_confidence,llm_score,fused_label,fused_score,fused_w_vader,fused_w_llm,kitchen_pros,kitchen_cons,service_pros,service_cons,mgmt_pros,mgmt_cons
2,2024-08-27 22:20:23,5,Unser Stamm-BurgerKing ;-),0.25,Positive,Positive,positive,0.98,0.98,Positive,0.5785,0.55,0.45,Unser Stamm-Burger mit positivem Kommentar (';-)');,n/a,Freundlichkeit;-),n/a,"Positive Atmosph√§re angedeutet (';-)'), was darauf hindeutet, dass das Ambiente m√∂glicherweise zufriedenstellend oder charmant ist.",Nicht erw√§hnt aufgrund der gegebenen Einschr√§nkungen
8,2024-08-18 18:07:01,4,Lugar limpio y tranquilo. La chica que nos ha atendido (Natalia) ha sido muy paciente con nosotros pese a la diferencia de idioma.,0.5859,Positive,Positive,positive,0.98,0.98,Positive,0.763245,0.55,0.45,La chica que nos ha atendido (Natalia) ha sido muy paciente con nosotros pese a la diferencia de idioma.,n/a,La chica que nos ha atendido (Natalia) ha sido muy paciente con nosotros pese a la diferencia de idioma.,n/a,"Lugar limpio y tranquilo, Natalia ha sido muy paciente.",n/a
9,2024-08-18 16:10:56,5,Sehr freundliche Mitarbeiter und Bedienung in einem sehr netten Ton!,0.0,Neutral,Positive,positive,0.98,0.98,Positive,0.735,0.25,0.75,n/a,n/a,Sehr freundliche Mitarbeiter,n/a,Freundliches Personal mit positivem Auftreten,n/a
10,2024-08-17 18:47:20,1,"Unsere Bestellung hat lange gedauert und wurde sogar nach mehrmaliger Wiederholung von der Servicekraft trozdem falsch zubereitet. Wir waren einer der ersten in der Schlange und haben bestellt und waren einer der letzteren die ihr Essen bekommen haben. Unsere Bestellung beinhaltete 2 Burger und 1 Snack. Die Angestellten sahen zwar bem√ºht aus (teilweise) jedoch war alles ein riesen Chaos hinter der Theke. Die Pommes von unseren Freunden waren extrem trocken und haben geschmeckt als w√§ren die schon seit 20 min da rumgelegen. Das Restaurant sieht etwas trostlos aus. Allgemein die Stimmung als man in diesen Laden reingeht war direkt uneinladend. Die Burger schmecken normal wie bei jedem Burgerking auch, jedoch sahen diese aus wie als h√§tten man die lieblos dahin geklatscht. All in all w√ºrde ich dieses Restaurant nicht empfehlen.",-0.9911,Negative,Negative,negative,1.0,-1.0,Negative,-0.9951050000000001,0.55,0.45,n/a,n/a,Die Angestellten sahen zwar bem√ºht aus (teilweise),n/a,n/a,n/a
11,2024-08-17 18:12:18,1,"Absoluter Saftladen, geht hier auf keinen Fall essen",0.0,Neutral,Negative,negative,1.0,-1.0,Negative,-0.75,0.25,0.75,n/a,n/a,n/a,n/a,positives Ambiente als Saftladen,n/a
12,2024-08-17 17:49:28,1,Kurz & knapp. Keine Self order Terminal. Kein Kundenbindungsprogramm mit Kronen. Nicht zu empfehlen.,0.0,Neutral,Negative,negative,0.9,-0.9,Negative,-0.675,0.25,0.75,n/a,n/a,n/a,n/a,n/a,"Kein Kundenbindungsprogramm mit Kronen, Kurz und bietet keine Selbstorder-Terminals"
13,2024-08-16 19:53:37,1,"Wir haben √ºber Lieferando bestellt und das Essen war so katastrophal, dass wir in Gel√§chter ausgebrochen sind. Liebe Burger King Leute... das k√∂nnt ihr doch nicht verkaufen, also wirklich, das ist echt der absolute Br√ºller!",-0.636,Negative,Negative,negative,0.98,-0.98,Negative,-0.7908000000000001,0.55,0.45,n/a,n/a,n/a,n/a,n/a,Das Essen war katastrophal und f√ºhrte zu Gel√§chter aufgrund unzureichender Qualit√§t.
14,2024-08-14 19:50:04,3,"Naja, man wird nicht wahr genommen, die Bestellung Katastrophe! Es ist von mir abzuraten!",-0.6688,Negative,Negative,negative,0.98,-0.98,Negative,-0.80884,0.55,0.45,n/a,"Katastrophenbestellempfehlung aufgrund vermutlich schlechter Geschmack, Temperatur oder Frische",n/a,Katastrophale Bestellgenauigkeit und Anforderungen an Ruf-Service fehlen,n/a,"Man wird nicht wahr genommen, die Bestellung Katastophe!"
15,2024-08-12 16:43:00,4,"Sehr warm, keine Klimaanlage. Au√üenbereich war besetzt. Nichts f√ºr hei√üe Tage.",-0.4588,Negative,Negative,negative,0.9,-0.9,Negative,-0.65734,0.55,0.45,n/a,n/a,n/a,n/a,n/a,"Keine Klimaanlage verf√ºgbar; Au√üenbereich bei hohen Temperaturen vollst√§ndig ausgelastet, was die Besuchererfahrung schwierig gestalten k√∂nnte"
16,2024-08-08 10:16:00,2,Hatte danach Bauchweh,0.0,Neutral,Negative,negative,0.98,-0.98,Negative,-0.735,0.25,0.75,n/a,n/a,n/a,Hatte danach Bauchweh,n/a,n/a
17,2024-08-06 22:39:00,5,Efe is der beste BK Mitarbeiter weltweit wenn ihr da seid fragt nach ihm. ps: macht ihn Filialleiter dann l√§uft der Laden,0.0,Neutral,Positive,positive,0.95,0.95,Positive,0.7124999999999999,0.25,0.75,n/a,n/a,Der Bewertende lobt die Effektivit√§t bei der Identifizierung des besten Bedienpersonals im Bistro.,n/a,Efe ist der beste BK Mitarbeiter weltweit,n/a
18,2024-08-05 10:23:00,3,Keine Automaten und Laden nimmt nicht am Treueprogramm teil.,0.0,Neutral,Negative,negative,0.9,-0.9,Negative,-0.675,0.25,0.75,n/a,n/a,n/a,Lack von Bestellautomatisierung und Nichterscheidung im Loyalit√§tsprogramm,N/a,Mangel an Auto-Serviceoptionen und fehlender Teilnahme des Ladens am Treueprogramm
19,2024-08-02 14:42:00,1,Toiletten Hygiene nicht okay,0.2263,Positive,Negative,negative,1.0,-1.0,Negative,-0.693425,0.25,0.75,n/a,n/a,n/a,n/a,n/a,n/a
21,2024-08-01 10:18:00,1,Horrible just horrible asked 2 TIMES for a cheese burger with no pickles and guess what they put extra pickles fricking hate this place.,-0.9216,Negative,Negative,negative,0.95,-0.95,Negative,-0.93438,0.55,0.45,n/a,n/a,n/a,n/a,n/a,"Gef√ºhlt schlechte Organisation aufgrund von Wiederholung einer Bestellanfrage und Fehlbedienung, mit expliziter Missbilligung der zus√§tzlich hinzugef√ºgten Pickles"
22,2024-07-29 12:59:56,3,Obsluha hr√∫za 30minut ƒçek√°n√≠ na j√≠dlo a potom ani nedojde cel√©.,0.0,Neutral,Negative,negative,0.95,-0.95,Negative,-0.7124999999999999,0.25,0.75,n/a,n/a,n/a,n/a,n/a,"Kurze Wartezeit von 30minut, was ein Zeichen f√ºr organisatorische Ineffizienz ist"
23,2024-07-22 17:55:13,5,"Sehr h√∂fliches Personal, sehr sauber, und sehr schnell zubereitet.",0.0,Neutral,Positive,positive,0.98,0.98,Positive,0.735,0.25,0.75,sehr schnell zubereitet,n/a,"sehr h√∂rbares Personal, sehr sauberes Ambiente, rasche Zubereitung",n/a,sehr sauber,n/a
24,2024-07-19 00:08:30,2,"Food is great, but service not so much. Wanted to order only an whopper burger. But that was for some reason not possible. No explanation whatsoever given, only whopper menu is possible in this place. Weird.",0.4276,Positive,Negative,negative,0.9,-0.9,Negative,-0.16982000000000003,0.55,0.45,n/a,"Wanted to order only an whopper burger. But that was for some reason not possible. No explanation whatsoever given, only whopper menu is possible in this place.",n/a,Keine Bestellgenauigkeit und schlechte Kommunikation; 'Weird' aufgrund unzureichender Men√ºoptionen zur Verf√ºgung stellen.,n/a,"Service war nicht so gut und es gab keine Erkl√§rung f√ºr die Unf√§higkeit zu bestellen einfach nur einen Burger, was seltsam anmutete."
25,2024-07-08 19:43:00,1,"Einer wenn nicht sogar der schlechteste Burger King Deutschlands. Eine Auswahl an unangenehmen Dingen: Mayo/Ketchup kostet ab der ersten T√ºte Extra, 2 Personen f√ºr das ganze Restaurant, Von 4 Tischen im au√üenbereich war keiner sauber Wir mussten 15min warten bevor unsere Bestellung aufgenommen wurde Die Bestellungen des Drive In konnte jeder im Restaurant mith√∂ren Die Dame hinter dem Tresen sah nicht besonders gepflegt aus, war dazu noch unfreundlich und √§u√üerst schwer von Begriff.",-0.9485,Negative,Negative,negative,0.95,-0.95,Negative,-0.949175,0.55,0.45,n/a,n/a,Die Bestellungen des Drive In konnte jeder im Restaurant mith√∂ren,n/a,n/a,n/a
28,2024-07-01 19:10:00,1,Ganz lange warten m√ºssen obwohl niemand vor mir war im Drive in. Insgesamt 3x Bestellung aufgegeben und 3x anh√∂ren m√ºssen dass der Mayo 1 Euro kostet. Am Ende 1 Euro gezahlt und keine Mayo in der T√ºte üòè,-0.5994,Negative,Negative,negative,0.95,-0.95,Negative,-0.7571700000000001,0.55,0.45,n/a,n/a,n/a,n/a,n/a,"Gesch√§ftszyklus mit langen Wartezeiten, hohe Wiederholungsrate bei Bestellungen ohne Lieferung des spezifischen Artikels (Mayo), Unzufriedenheit ausgel√∂st durch mangelnde Organisation und fehlende Produkttransparenz beim Abschluss der Transaktion."
29,2024-06-28 17:48:17,5,Essen war gut und der Service sehr nett und Aufmerksam.,-0.5994,Negative,Positive,positive,0.98,0.98,Positive,0.11132999999999993,0.55,0.45,Essen war gut,n/a,Service sehr nett und Aufmerksam,n/a,Service sehr nett und Aufmerksam,n/a
30,2024-06-28 17:30:41,2,"Es gab keine Mayo bei zum Men√º mit der Begr√ºndung, dass das in dem Restaurant mit Coupons nicht geht. Die Mayo sollte extra 40 Cent kosten. Die Servietten waren abgez√§hlt und gab es nur auf Nachfrage extra, wie auch die Strohhalme. Kein Eis im Getr√§nk. Der Mann hinter der Kasse war an sich nett und konnte laut seiner Aussage nichts daf√ºr. Das Essen war in Ordnung.",-0.9661,Negative,Negative,negative,0.75,-0.75,Negative,-0.868855,0.55,0.45,Der Mann hinter der Kasse war an sich nett,n/a,Der Mann hinter der Kasse war an sich nett,n/a,Der Mann hinter der Kasse war anst√§ndig.,"Kein Eis im Getr√§nk, Serviss√§ume abgez√§hlt und nur nachfragbar; Mayo sollte extra kosten."
31,2024-06-21 10:40:38,3,Zu hei√ü da drin und drau√üen wenig Platz zum sitzen,0.0,Neutral,Negative,negative,0.95,-0.95,Negative,-0.7124999999999999,0.25,0.75,n/a,n/a,n/a,n/a,n/a,n/a
32,2024-06-21 03:45:20,4,"Eine normale Burger King Filiale in der N√§he des Technik Museums, dementsprechend geeignet f√ºr einen Besuch nach dem man dort war. Leider waren die Mitarbeiter dort etwas √ºberarbeitet und man musste eine Weile auf das Essen warten. Nicht vorhandende Bestell-Terminals tragen dazu bei. Essen war gut.",-0.9136,Negative,Neutral,neutral,0.7,0.0,Negative,-0.50248,0.55,0.45,Essen war gut.,n/a,Essen war gut,n/a,Essen war gut.,Mitarbeiter waren etwas √ºberarbeitet und man musste eine Weile auf das Essen warten; Nicht vorhandende Bestell-Terminals.
33,2024-06-20 17:20:56,1,"Dreckige Tische kaltes, ungenie√übares Essen und schl√§friges Personal nicht zu empfehlen noch nie so schlecht gegessen. !",0.0,Neutral,Negative,negative,0.98,-0.98,Negative,-0.735,0.25,0.75,n/a,n/a,n/a,n/a,n/a,"dreckige Tische, ungereistes Essen und schl√§friges Personal"
36,2024-06-09 06:50:00,4,"One of the places, where one places order with human interactions, I was pleasantly surprised.",0.6124,Positive,Positive,positive,0.95,0.95,Positive,0.7643200000000001,0.55,0.45,Pleasantly surprised,n/a,Pleasantly surprised by human interactions,n/a,Pleasantly surprised by human interactions when placing an order,n/a
39,2024-06-02 12:46:00,1,"Jr King bestellt, kein quetschie mehr da einfach nichts gesagt, junior frag nach seinem quetschie ich frage an der Kasse nach und bekomme die Antwort pech ist halt alle",-0.5994,Negative,Negative,negative,1.0,-1.0,Negative,-0.7796700000000001,0.55,0.45,n/a,n/a,n/a,n/a,n/a,"Junior erh√§lt keine Informationen zur Verf√ºgbarkeit von Quetschen bei Bestellung, was auf eine mangelhafte Kommunikation oder Organisation hinweist."
40,2024-05-29 12:18:12,2,"Das Personal ist zwar sehr freundlich und bem√ºht, aber so schlecht unterwiesen und eingearbeitet, dass es selbst bei geringem Kundenandrang zu langen Wartezeiten kommt. Da herrscht Handlungsbedarf seitens der Restaurantleitung.",0.0,Neutral,Negative,negative,0.9,-0.9,Negative,-0.675,0.25,0.75,n/a,n/a,Freundliches Personal,Lange Wartezeit bei geringem Kundenandrang,Freundliches Personal,Lange Wartezeiten aufgrund schlechter Unterweisung und Einarbeitung
43,2024-05-26 21:31:16,4,"Burger wie immer. Personal ist ne Wucht und superfreundlich. Ambiente eher normal, keine Bestellterminals aber App geht immer.",0.0,Neutral,Positive,positive,0.85,0.85,Positive,0.6375,0.25,0.75,superfreundlich Personal,n/a,superfreundlich,n/a,Personal ist super freundlich,n/a
45,2024-05-25 07:13:22,2,"Die haben jetzt auch Burger, die gar keine Burger mehr sind?? Also kein Fleisch mehr?? Wow‚Ä¶.aber abgesehen davon leider Atmosph√§re eines Tennisclubheims, Burger waren auch schon gr√∂√üer (ich war jetzt zwei Jahre nicht mehr beim K√∂nig), aber die Preise haben mich erst einmal geschockt und als dann mein Whopper jr. mit drei Bissen verschwand war ich schon entt√§uscht. H√§hnchen-Nuggets lauwarm und alles andere als knusprig. Und wir waren dort, als noch 2 G√§ste im Restaurant sa√üen, also keine stressige Sto√üzeit oder √§hnliches‚Ä¶",-0.97,Negative,Negative,negative,0.9,-0.9,Negative,-0.9385,0.55,0.45,n/a,n/a,n/a,"Abgesehen davon leerer Atmosph√§re eines Tennisclubheims, Burger waren auch schon gr√∂√üer, Preis haben mich geschockt, Whopper mit drei Bissen verschwand gleich weg",n/a,Preise haben mich erst einmal geschockt; H√§hnchen-Nuggets lauwarm und nicht knusprig; Atmosph√§re eines Tennisclubheims ohne die erwartete Restaurantatmosph√§re
46,2024-05-22 21:13:22,1,"Ich glaube die schlechteste BK die habe ich mal gesehen im mein gantze leben ! ‚Ä¶ ich habe wirklich gekotz zu hause , ohne spass ‚Ä¶ extrem schlect",-0.8439,Negative,Negative,negative,1.0,-1.0,Negative,-0.914145,0.55,0.45,n/a,n/a,n/a,n/a,n/a,n/a
