generated_at,category,area,theme,keep_or_fix,action_or_marketing
2025-12-30 20:26,excellence,Service/Management,Freundlichkeit und Wohlbefinden,"Sehr freundliche Mitarbeiter, positive Atmosphäre hervorgerufen durch das Zitat 'Absoluter Saftladen, geht hier auf keinen Fall essen' und hohe Unterstützung bei der Bearbeitung von Kundenbeschwerden","'Wir setzen unsere erzielten Ruf als vorbildliche Serviceeinheit in unserer Marketingstrategie fort, mit einem besonderen Schwerpunkt auf Empathie und professionelle Unterstützung von Mitarbeitern."
2025-12-30 20:26,excellence,Mgmt/Service,Ambiente Hervorrufung,,
2025-12-30 20:26,excellence,Service,Sehr höfliches Personal,,
2025-12-30 20:26,excellence,General,Qualität des Essens,,
2025-12-30 20:26,excellence,General,Customer Service,,
2025-12-30 20:26,improvement,General,Bestellzeitmanagement,,
2025-12-30 20:26,improvement,General,Falsches Einschätzen des Essens,,
2025-12-30 20:26,improvement,General,Einbeziehungsproblem,,
2025-12-30 20:26,improvement,General,Mangel an klaren Bestellmöglichkeiten im Drive-In,,
2025-12-30 20:26,improvement,General,Ungünstige Kostenstruktur,,
2025-12-30 20:26,improvement,General,Unzureichende Sauberkeit,,
2025-12-30 20:26,improvement,General,Atmosphäre vs. Preisgestaltungssynergie,,
2025-12-30 20:26,improvement,General,Reinigungssorglosigkeit,,
2025-12-30 20:26,improvement,General,Unzureichende Handhabung Eingewiesener,,
2025-12-30 20:26,improvement,General,Kommunikation zwischen Restaurantleitung,,
2025-12-30 20:26,improvement,General,Food Quality,,
2025-12-30 20:26,improvement,General,Customer Service zur Complaint Bearbeitung,,
